No,Datang,Kumpul_Tugas,Bertanya,Pemahaman,Kehadiran,IP
1,Tidak Pernah Telat,Jarang,Sesekali,30(%),80(%),3.7
2,Jarang,Selalu,Selalu,50(%),80(%),3.25
3,Jarang,Selalu,Sesekali,50(%),80(%),3.34
4,Jarang,Jarang,Sering,50(%),100(%),4
5,Jarang,Selalu,Selalu,100(%),100(%),3.79
6,Jarang,Selalu,Sesekali,50(%),100(%),3.53
7,Jarang,Selalu,Sesekali,30(%),100(%),3.45
8,Tidak Pernah Telat,Selalu,Sesekali,50(%),100(%),3.79
9,Jarang,Selalu,Sesekali,50(%),100(%),3.57
10,Selalu,Selalu,Sesekali,50(%),100(%),3.71
11,Jarang,Jarang,Selalu,30(%),100(%),3.4
12,Tidak Pernah Telat,Jarang,Sesekali,50(%),100(%),4
13,Jarang,Selalu,Sesekali,50(%),100(%),3.21
14,Tidak Pernah Telat,Jarang,Sering,50(%),100(%),3.53
15,Jarang,Jarang,Sesekali,50(%),100(%),3.7
16,Jarang,Jarang,Sesekali,30(%),80(%),3
17,Jarang,Jarang,Tak Pernah,30(%),80(%),3.4
18,Tidak Pernah Telat,Selalu,Sesekali,50(%),100(%),3.9
19,Tidak Pernah Telat,Selalu,Sesekali,50(%),100(%),3.5
20,Jarang,Selalu,Sering,50(%),80(%),3.8
21,Jarang,Jarang,Tak Pernah,Tak Paham Satupun Mk,80(%),3
22,Selalu,Jarang,Selalu,50(%),80(%),3.7
23,Tidak Pernah Telat,Selalu,Sering,50(%),100(%),3.6
24,Jarang,Jarang,Sering,50(%),80(%),3.4
25,Tidak Pernah Telat,Selalu,Sesekali,50(%),80(%),3.62
26,Selalu,Selalu,Sesekali,100(%),80(%),3.75
27,Selalu,Jarang,Sering,50(%),80(%),3.45
28,Tidak Pernah Telat,Jarang,Sesekali,50(%),60(%),3.1
29,Jarang,Selalu,Sesekali,50(%),100(%),4
30,Selalu,Selalu,Sesekali,50(%),80(%),3.43
31,Tidak Pernah Telat,Jarang,Sesekali,Tak Paham Satupun Mk,60(%),3.15
32,Jarang,Selalu,Sesekali,50(%),80(%),3.6
33,Tidak Pernah Telat,Selalu,Selalu,100(%),100(%),3.6
34,Tidak Pernah Telat,Selalu,Sesekali,50(%),100(%),3.96
35,Selalu,Selalu,Sering,50(%),100(%),3.87
36,Jarang,Jarang,Sesekali,30(%),40(%),3.4
37,Jarang,Selalu,Sesekali,30(%),100(%),3.5
38,Jarang,Jarang,Sesekali,50(%),100(%),3.79
39,Tidak Pernah Telat,Jarang,Sering,50(%),100(%),3.65
40,Tidak Pernah Telat,Selalu,Sesekali,50(%),100(%),3.49
41,Jarang,Jarang,Sering,50(%),100(%),3.3
42,Tidak Pernah Telat,Selalu,Sering,50(%),100(%),3.43
43,Jarang,Jarang,Tak Pernah,Tak Paham Satupun Mk,80(%),3.25
44,Jarang,Jarang,Selalu,30(%),80(%),3.5
45,Tidak Pernah Telat,Jarang,Sesekali,50(%),100(%),3.45
46,Selalu,Selalu,Sering,50(%),100(%),3.74
47,Tidak Pernah Telat,Selalu,Sering,50(%),100(%),3.81
48,Jarang,Selalu,Sesekali,50(%),100(%),3.93
49,Selalu,Selalu,Sesekali,100(%),80(%),3.72
50,Jarang,Selalu,Sering,50(%),100(%),3.45
51,Tidak Pernah Telat,Selalu,Sesekali,30(%),100(%),3.5
52,Tidak Pernah Telat,Jarang,Sesekali,50(%),100(%),3.8
53,Jarang,Jarang,Selalu,50(%),80(%),3.75